﻿<?xml version="1.0" encoding="utf-8"?>
<BuildReasons>
  <Rule ID="$(AS_PROJECT_PATH)\temp\objects\sampletext\4pp065_0571_p74\program\exit.c.o">
    <BuildReason>Rebuild.</BuildReason>
  </Rule>
  <Rule ID="$(AS_PROJECT_PATH)\temp\objects\sampletext\4pp065_0571_p74\sysconf.br">
    <BuildReason>Rebuild.</BuildReason>
  </Rule>
  <Rule ID="$(AS_PROJECT_PATH)\temp\objects\sampletext\4pp065_0571_p74\program\init.c.o">
    <BuildReason>Rebuild.</BuildReason>
  </Rule>
  <Rule ID="$(AS_PROJECT_PATH)\temp\objects\sampletext\4pp065_0571_p74\program\cyclic.c.o">
    <BuildReason>Rebuild.</BuildReason>
  </Rule>
  <Rule ID="$(AS_PROJECT_PATH)\temp\objects\sampletext\4pp065_0571_p74\ashwac.br">
    <BuildReason>Rebuild.</BuildReason>
  </Rule>
  <Rule ID="$(AS_PROJECT_PATH)\temp\objects\sampletext\4pp065_0571_p74\drivelib\drivestatemachine.c.o">
    <BuildReason>Rebuild.</BuildReason>
  </Rule>
  <Rule ID="$(AS_PROJECT_PATH)\temp\objects\sampletext\4pp065_0571_p74\program\_bur_pvdef.c.o">
    <BuildReason>Rebuild.</BuildReason>
  </Rule>
  <Rule ID="$(AS_PROJECT_PATH)\temp\objects\sampletext\4pp065_0571_p74\drivelib\doorstatemachine.c.o">
    <BuildReason>Rebuild.</BuildReason>
  </Rule>
  <Rule ID="$(AS_PROJECT_PATH)\temp\objects\sampletext\4pp065_0571_p74\program\a.out">
    <BuildReason>Rebuild.</BuildReason>
  </Rule>
  <Rule ID="$(AS_PROJECT_PATH)\temp\objects\sampletext\4pp065_0571_p74\program\program.ox">
    <BuildReason>Rebuild.</BuildReason>
  </Rule>
  <Rule ID="$(AS_PROJECT_PATH)\temp\objects\sampletext\4pp065_0571_p74\drivelib\ledstatemachine.c.o">
    <BuildReason>Rebuild.</BuildReason>
  </Rule>
  <Rule ID="$(AS_PROJECT_PATH)\temp\objects\sampletext\4pp065_0571_p74\program.br">
    <BuildReason>Rebuild.</BuildReason>
  </Rule>
  <Rule ID="$(AS_PROJECT_PATH)\temp\objects\sampletext\4pp065_0571_p74\drivelib\a.out">
    <BuildReason>Rebuild.</BuildReason>
  </Rule>
  <Rule ID="$(AS_PROJECT_PATH)\temp\objects\sampletext\4pp065_0571_p74\drivelib\drivelib.ox">
    <BuildReason>Rebuild.</BuildReason>
  </Rule>
  <Rule ID="$(AS_PROJECT_PATH)\temp\objects\sampletext\4pp065_0571_p74\drivelib.br">
    <BuildReason>Rebuild.</BuildReason>
  </Rule>
  <Rule ID="$(AS_PROJECT_PATH)\temp\objects\sampletext\4pp065_0571_p74\udbdef.br">
    <BuildReason>Rebuild.</BuildReason>
  </Rule>
  <Rule ID="$(AS_PROJECT_PATH)\temp\objects\sampletext\4pp065_0571_p74\tcdata\tcdata.imx">
    <BuildReason>Rebuild.</BuildReason>
  </Rule>
  <Rule ID="$(AS_PROJECT_PATH)\temp\objects\sampletext\4pp065_0571_p74\sys_lib.br">
    <BuildReason>Rebuild.</BuildReason>
  </Rule>
  <Rule ID="$(AS_PROJECT_PATH)\temp\objects\sampletext\4pp065_0571_p74\runtime.br">
    <BuildReason>Rebuild.</BuildReason>
  </Rule>
  <Rule ID="$(AS_PROJECT_PATH)\temp\objects\sampletext\4pp065_0571_p74\asstring.br">
    <BuildReason>Rebuild.</BuildReason>
  </Rule>
  <Rule ID="$(AS_PROJECT_PATH)\temp\objects\sampletext\4pp065_0571_p74\asfw.br">
    <BuildReason>Rebuild.</BuildReason>
  </Rule>
  <Rule ID="$(AS_PROJECT_PATH)\temp\objects\sampletext\4pp065_0571_p74\role.br">
    <BuildReason>Rebuild.</BuildReason>
  </Rule>
  <Rule ID="$(AS_PROJECT_PATH)\temp\objects\sampletext\4pp065_0571_p74\user.br">
    <BuildReason>Rebuild.</BuildReason>
  </Rule>
  <Rule ID="$(AS_PROJECT_PATH)\temp\objects\sampletext\4pp065_0571_p74\tcdata\tcdata.s18d">
    <BuildReason>Rebuild.</BuildReason>
  </Rule>
  <Rule ID="$(AS_PROJECT_PATH)\temp\objects\sampletext\4pp065_0571_p74\ashwd.br">
    <BuildReason>Rebuild.</BuildReason>
  </Rule>
  <Rule ID="$(AS_PROJECT_PATH)\temp\objects\sampletext\4pp065_0571_p74\arconfig.br">
    <BuildReason>Rebuild.</BuildReason>
  </Rule>
  <Rule ID="$(AS_PROJECT_PATH)\temp\objects\sampletext\4pp065_0571_p74\tcdata.br">
    <BuildReason>Rebuild.</BuildReason>
  </Rule>
  <Rule ID="$(AS_PROJECT_PATH)\temp\objects\sampletext\4pp065_0571_p74\iomap.br">
    <BuildReason>Rebuild.</BuildReason>
  </Rule>
  <Rule ID="#cpu_tp.mak">
    <BuildReason>Rebuild.</BuildReason>
  </Rule>
  <Rule ID="$(AS_PROJECT_PATH)\binaries\sampletext\4pp065_0571_p74\transfer.lst">
    <BuildReason>Rebuild.</BuildReason>
  </Rule>
</BuildReasons>